Date Tagged,Date Collected,Site,Species,Growth Rate (cm d-1),Growth Rate (g dw d-1),Erosion Rate (cm d-1),Erosion Rate (g DW d-1),Individual Biomass (g WW),% Distal Grazed,% Cover by Membranipora
June 24 2008,July 30 2008,Cranberry Cove,Saccharina latissima,0.53,0.1,0.25,0.02,54.12,0,0.00%
June 24 2008,July 30 2008,Cranberry Cove,Saccharina latissima,0.39,0.08,0.47,0.03,53.39,0.0023,0.00%
June 24 2008,July 30 2008,Cranberry Cove,Saccharina latissima,0.22,0.05,0.42,0.05,64.52,0.0061,0.00%
June 24 2008,July 30 2008,Cranberry Cove,Saccharina latissima,0.42,0.07,0.42,0.03,64.88,0,0.00%
June 24 2008,July 30 2008,Cranberry Cove,Saccharina latissima,0.42,0.09,0.51,0.05,61.46,0.0071,0.00%
June 24 2008,July 30 2008,Cranberry Cove,Saccharina latissima,0.64,0.13,0.58,0.05,64.83,0,0.00%
June 24 2008,July 30 2008,Cranberry Cove,Saccharina latissima,0.64,0.18,0.36,0.02,87.38,0,0.00%
June 24 2008,July 30 2008,Cranberry Cove,Saccharina latissima,0.36,0.13,0.42,0.09,106.2,NA,0.00%
June 24 2008,July 30 2008,Cranberry Cove,Saccharina latissima,0.33,0.07,0.47,0.03,63.34,NA,0.00%
June 24 2008,July 30 2008,Cranberry Cove,Saccharina latissima,0.78,0.17,0.39,0.03,88.08,0,0.00%
June 24 2008,July 30 2008,Cranberry Cove,Saccharina latissima,0.47,0.15,0.42,0.11,114.28,0.0007,0.00%
June 24 2008,July 30 2008,Cranberry Cove,Saccharina latissima,0.31,0.15,0.28,0.09,168.09,0,0.00%
June 24 2008,July 30 2008,Cranberry Cove,Saccharina latissima,0.49,0.2,0.57,0.13,151.56,0,0.00%
June 24 2008,July 30 2008,Cranberry Cove,Saccharina latissima,0.69,0.24,0.36,0.07,176.15,0,0.00%
June 24 2008,July 30 2008,Cranberry Cove,Saccharina latissima,0.47,0.1,0.53,0.06,80.95,0.0027,0.00%
June 24 2008,July 30 2008,Cranberry Cove,Saccharina latissima,0.67,0.38,0.5,0.13,110.25,0.0042,0.00%
June 24 2008,July 30 2008,Cranberry Cove,Saccharina latissima,0.53,0.18,0.68,0.09,105.01,0.0123,0.00%
June 24 2008,July 30 2008,Cranberry Cove,Saccharina latissima,0.56,0.16,0.31,0.05,119.09,0.001,0.00%
June 24 2008,July 30 2008,Cranberry Cove,Saccharina latissima,0.67,0.15,0.47,0.07,99.49,0.0004,0.00%
June 24 2008,July 30 2008,Cranberry Cove,Saccharina latissima,0.47,0.11,0.97,0.09,75.44,0.0083,0.00%
June 24 2008,July 30 2008,Cranberry Cove,Saccharina latissima,0.61,0.19,0.61,0.11,152.66,0.0115,0.00%
June 24 2008,July 30 2008,Cranberry Cove,Saccharina latissima,0.47,0.17,0.58,0.09,130.64,0.0004,0.00%
June 24 2008,July 30 2008,Cranberry Cove,Saccharina latissima,0.46,0.09,0.54,0.07,143.61,0,0.00%
June 24 2008,July 30 2008,Cranberry Cove,Saccharina latissima,0.42,0.13,0.22,0.08,220.67,0.0078,0.00%
June 24 2008,July 30 2008,Cranberry Cove,Saccharina latissima,0.28,0.09,0.94,0.15,140.04,0.0069,0.00%
June 24 2008,July 30 2008,Cranberry Cove,Saccharina latissima,0.5,0.14,0.74,0.09,117.73,0.0058,0.00%
June 24 2008,July 30 2008,Cranberry Cove,Saccharina latissima,0.44,0.17,1.03,0.2,152.69,0.0103,0.00%
June 24 2008,July 30 2008,Cranberry Cove,Saccharina latissima,0.42,0.08,0.94,0.07,108.26,0,0.00%
June 24 2008,July 30 2008,Cranberry Cove,Saccharina latissima,0.72,0.26,1.67,0.38,194.04,0.0087,0.00%
June 24 2008,July 30 2008,Cranberry Cove,Saccharina latissima,0.72,0.41,0.83,0.17,445.32,NA,0.00%
September 4 2008,October 5 2008,Cranberry Cove,Saccharina latissima,0.15,0.03,0.15,0.03,38.19,0.007,0.00%
September 4 2008,October 5 2008,Cranberry Cove,Saccharina latissima,0.29,0.02,0,0,37.78,0.009,0.00%
September 4 2008,October 5 2008,Cranberry Cove,Saccharina latissima,0.19,0.05,0.26,0.04,77.92,0.009,0.00%
September 4 2008,October 5 2008,Cranberry Cove,Saccharina latissima,0.29,0.04,0.06,0.01,61.15,0.008,0.00%
September 4 2008,October 5 2008,Cranberry Cove,Saccharina latissima,0.19,0.05,0.35,0.08,57.25,0.006,0.00%
September 4 2008,October 5 2008,Cranberry Cove,Saccharina latissima,0.1,0.02,0.42,0.04,48.15,0.006,0.00%
September 4 2008,October 5 2008,Cranberry Cove,Saccharina latissima,0.52,0.08,0.31,0.05,71.04,0.004,0.00%
September 4 2008,October 5 2008,Cranberry Cove,Saccharina latissima,0.39,0.07,0.39,0.04,72.63,0,0.00%
September 4 2008,October 5 2008,Cranberry Cove,Saccharina latissima,0.42,0.06,0.32,0.04,58.47,0.004,0.00%
September 4 2008,October 5 2008,Cranberry Cove,Saccharina latissima,0.45,0.12,0.42,0.08,91.93,0.005,0.00%
September 4 2008,October 5 2008,Cranberry Cove,Saccharina latissima,0.19,0.06,0.48,0.1,91.9,0.01,0.00%
September 4 2008,October 5 2008,Cranberry Cove,Saccharina latissima,0.48,0.09,0.42,0.04,NA,0,0.00%
September 4 2008,October 5 2008,Cranberry Cove,Saccharina latissima,0.37,0.06,0.47,0.09,NA,0.005,0.00%
September 4 2008,October 5 2008,Cranberry Cove,Saccharina latissima,0.45,0.14,0.94,0.13,93.63,0.004,0.00%
September 4 2008,October 5 2008,Cranberry Cove,Saccharina latissima,0.23,0.07,0.87,0.17,106.93,0.006,0.00%
September 4 2008,October 5 2008,Cranberry Cove,Saccharina latissima,0.21,0.06,0.95,0.19,115.26,0.004,0.00%
September 4 2008,October 5 2008,Cranberry Cove,Saccharina latissima,0.19,0.07,0.84,0.08,127.64,0.01,0.00%
September 4 2008,October 5 2008,Cranberry Cove,Saccharina latissima,0.24,0.08,0.6,0.07,NA,0.001,0.00%
September 4 2008,October 5 2008,Cranberry Cove,Saccharina latissima,0.35,0.09,0.35,0.03,NA,0.004,0.00%
September 4 2008,October 5 2008,Cranberry Cove,Saccharina latissima,0.39,0.09,0.68,0.09,248.09,0.003,0.00%
February 2 2009,February 25 2009,Cranberry Cove,Saccharina latissima,0.26,0.01,0,0,41.22,NA,0.00%
February 2 2009,February 25 2009,Cranberry Cove,Saccharina latissima,0.35,0.03,0.26,0.02,67.19,NA,0.00%
February 2 2009,February 25 2009,Cranberry Cove,Saccharina latissima,0.35,0.03,0,0,61.27,0.033,0.00%
February 2 2009,February 25 2009,Cranberry Cove,Saccharina latissima,0.39,0.02,0.11,0.01,52.36,0.011,0.00%
February 2 2009,February 25 2009,Cranberry Cove,Saccharina latissima,0.57,0.06,0.17,0.02,91.19,0.054,0.00%
February 2 2009,February 25 2009,Cranberry Cove,Saccharina latissima,0.57,0.04,0,0,55.58,0.002,0.00%
February 2 2009,February 25 2009,Cranberry Cove,Saccharina latissima,0.26,0.02,0,0,54.1,0.01,0.00%
February 2 2009,February 25 2009,Cranberry Cove,Saccharina latissima,0.59,0.06,0.33,0.03,82.2,0.02,0.00%
February 2 2009,February 25 2009,Cranberry Cove,Saccharina latissima,0.7,0.08,0.17,0.01,86.88,0.017,0.00%
February 2 2009,February 25 2009,Cranberry Cove,Saccharina latissima,0.52,0.05,0.22,0.02,76.22,0.0355,0.00%
February 2 2009,February 25 2009,Cranberry Cove,Saccharina latissima,0.33,0.02,0.02,0,76.68,NA,0.00%
February 2 2009,February 25 2009,Cranberry Cove,Saccharina latissima,0.37,0.04,0.54,0.04,82.1,0.0044,0.00%
February 2 2009,February 25 2009,Cranberry Cove,Saccharina latissima,0.61,0.09,0,0,143.67,0,0.00%
February 2 2009,February 25 2009,Cranberry Cove,Saccharina latissima,0.57,0.08,0.22,0.04,152.63,NA,0.00%
February 2 2009,February 25 2009,Cranberry Cove,Saccharina latissima,0.33,0.04,0.46,0.03,104.23,0.0013,0.00%
February 2 2009,February 25 2009,Cranberry Cove,Saccharina latissima,0.59,0.06,0.41,0.04,131.72,0.0013,0.00%
February 2 2009,February 25 2009,Cranberry Cove,Saccharina latissima,0.48,0.05,0,0,89.08,0.0198,0.00%
February 2 2009,February 25 2009,Cranberry Cove,Saccharina latissima,0.48,0.07,0,0,168.39,0.0005,0.00%
February 2 2009,February 25 2009,Cranberry Cove,Saccharina latissima,0.48,0.05,0.09,0.01,109.82,0.0118,0.00%
February 2 2009,February 25 2009,Cranberry Cove,Saccharina latissima,0.43,0.06,0,0,127.95,0.013,0.00%
February 2 2009,February 25 2009,Cranberry Cove,Saccharina latissima,0.54,0.05,0,0,110.87,NA,0.00%
February 2 2009,February 25 2009,Cranberry Cove,Saccharina latissima,0.65,0.08,0,0,128.4,NA,0.00%
February 2 2009,February 25 2009,Cranberry Cove,Saccharina latissima,0.61,0.06,0.26,0.01,107.61,NA,0.00%
May 14 2009,June 3 2009,Cranberry Cove,Saccharina latissima,0.21,0.01,0.03,0,20.89,0.0204,0.00%
May 14 2009,June 3 2009,Cranberry Cove,Saccharina latissima,0.47,0.08,0.84,0.08,64.07,0.0248,0.00%
May 14 2009,June 3 2009,Cranberry Cove,Saccharina latissima,0.95,0.06,0.63,0.04,39.22,NA,0.00%
May 14 2009,June 3 2009,Cranberry Cove,Saccharina latissima,0.63,0.07,0.63,0.07,79.97,0.0178,0.00%
May 14 2009,June 3 2009,Cranberry Cove,Saccharina latissima,0.68,0.07,0.58,0.04,58.61,0.0202,0.00%
May 14 2009,June 3 2009,Cranberry Cove,Saccharina latissima,0.74,0.11,0.42,0.03,112.7,0.0226,0.00%
May 14 2009,June 3 2009,Cranberry Cove,Saccharina latissima,0.68,0.13,1.42,0.16,146.62,0.0207,0.00%
May 14 2009,June 3 2009,Cranberry Cove,Saccharina latissima,0.84,0.13,0.84,0.11,126.86,0.0108,0.00%
May 14 2009,June 3 2009,Cranberry Cove,Saccharina latissima,0.82,0.15,1.82,0.22,178.22,0.0043,0.00%
May 14 2009,June 3 2009,Cranberry Cove,Saccharina latissima,0.92,0.13,1.45,0.2,115.78,NA,0.00%
May 14 2009,June 3 2009,Cranberry Cove,Saccharina latissima,0.82,0.15,1.26,0.11,154.03,0.015,0.00%
May 14 2009,June 3 2009,Cranberry Cove,Saccharina latissima,0.89,0.15,0.89,0.05,160.7,0.0082,0.00%
May 14 2009,June 3 2009,Cranberry Cove,Saccharina latissima,0.82,0.13,0.87,0.08,152.01,0.0104,0.00%
May 14 2009,June 3 2009,Cranberry Cove,Saccharina latissima,0.74,0.2,0.84,0.22,262.83,0.0127,0.00%
May 14 2009,June 3 2009,Cranberry Cove,Saccharina latissima,0.89,0.25,1.05,0.15,287.28,0.0046,0.00%
May 14 2009,June 3 2009,Cranberry Cove,Saccharina latissima,0.71,0.17,1.29,0.14,222.95,NA,0.00%
May 14 2009,June 3 2009,Cranberry Cove,Saccharina latissima,0.74,0.15,1.47,0.18,189.8,0.0218,0.00%
May 14 2009,June 3 2009,Cranberry Cove,Saccharina latissima,0.74,0.22,2,0.25,267.11,0.023,0.00%
May 14 2009,June 3 2009,Cranberry Cove,Saccharina latissima,0.79,0.18,1.42,0.18,228.49,0.0315,0.00%
May 14 2009,June 3 2009,Cranberry Cove,Saccharina latissima,0.63,0.19,2.29,0.47,314.56,0.0136,0.00%
May 14 2009,June 3 2009,Cranberry Cove,Saccharina latissima,0.84,0.2,2.13,0.19,253.72,0.0088,0.00%
September 16 2009,October 7 2009,Cranberry Cove,Saccharina latissima,0.26,0.08,0.69,0.14,171.88,0.0035,0.00%
September 16 2009,October 7 2009,Cranberry Cove,Saccharina latissima,0.36,0.09,1.07,0.17,183.06,0.0047,0.00%
September 16 2009,October 7 2009,Cranberry Cove,Saccharina latissima,0.26,0.07,1.24,0.19,180.06,0.0037,0.00%
September 16 2009,October 7 2009,Cranberry Cove,Saccharina latissima,0.29,0.09,0.9,0.08,133.31,0.0077,0.00%
September 16 2009,October 7 2009,Cranberry Cove,Saccharina latissima,0.29,0.07,0.71,0.11,192.01,0.0024,0.00%
September 16 2009,October 7 2009,Cranberry Cove,Saccharina latissima,0.33,0.09,1,0.11,201.23,0,0.00%
September 16 2009,October 7 2009,Cranberry Cove,Saccharina latissima,0.38,0.11,0.9,0.06,110.29,0.0146,0.00%
September 16 2009,October 7 2009,Cranberry Cove,Saccharina latissima,0.52,0.08,0.38,0.05,78.67,0,0.00%
September 16 2009,October 7 2009,Cranberry Cove,Saccharina latissima,0.24,0.06,0.21,0.03,124.06,0.0011,0.00%
September 16 2009,October 7 2009,Cranberry Cove,Saccharina latissima,0.17,0.07,0.64,0.15,NA,0.0012,0.00%
September 16 2009,October 7 2009,Cranberry Cove,Saccharina latissima,0.24,0.07,0.33,0.04,190.51,0.0174,0.00%
September 16 2009,October 7 2009,Cranberry Cove,Saccharina latissima,0.43,0.13,1.05,0.22,105.08,0.002,0.00%
September 16 2009,October 7 2009,Cranberry Cove,Saccharina latissima,0.36,0.08,0.57,0.07,46.71,0.0071,0.00%
September 16 2009,October 7 2009,Cranberry Cove,Saccharina latissima,0.29,0.08,0.57,0.33,94.44,0.0028,0.00%
September 16 2009,October 7 2009,Cranberry Cove,Saccharina latissima,0.31,0.06,0.74,0.1,87.59,0.0011,0.00%
September 16 2009,October 7 2009,Cranberry Cove,Saccharina latissima,0.29,0.08,1.52,0.33,166.23,0.0069,0.00%
September 16 2009,October 7 2009,Cranberry Cove,Saccharina latissima,0.29,0.07,0.5,0.08,79.16,0.0014,0.00%
September 16 2009,October 7 2009,Cranberry Cove,Saccharina latissima,0.36,0.12,0.24,0.04,124.08,0.0035,0.00%
July 4 2008,August 11 2008,Duncan's Exposed,Laminaria digitata,0.14,0.07,0.08,0.02,124.56,0.0101,0.00%
July 4 2008,August 11 2008,Duncan's Exposed,Laminaria digitata,0.11,0.05,0.37,0.07,141.51,0.0153,0.00%
July 4 2008,August 11 2008,Duncan's Exposed,Laminaria digitata,0.29,0.1,0.01,0,122.78,0.0006,0.00%
July 4 2008,August 11 2008,Duncan's Exposed,Laminaria digitata,0.18,0.09,0.04,0.02,164.85,0.0032,0.00%
July 4 2008,August 11 2008,Duncan's Exposed,Laminaria digitata,0.29,0.06,0.16,0.03,94.6,0.004,0.00%
July 4 2008,August 11 2008,Duncan's Exposed,Laminaria digitata,0.09,0.12,1.2,0.56,280.68,0.0009,0.00%
July 4 2008,August 11 2008,Duncan's Exposed,Laminaria digitata,0.15,0.08,0.26,0.13,307.04,0.0076,0.00%
July 4 2008,August 11 2008,Duncan's Exposed,Laminaria digitata,0.3,0.31,0.32,0.1,337.73,0.0118,0.00%
July 4 2008,August 11 2008,Duncan's Exposed,Laminaria digitata,0.1,0.09,0.45,0.16,271.72,0.0101,0.00%
July 4 2008,August 11 2008,Duncan's Exposed,Laminaria digitata,0.11,0.11,0.22,0.08,285.46,0.006,0.00%
July 4 2008,August 11 2008,Duncan's Exposed,Laminaria digitata,0.28,0.52,0.51,0.24,574.21,0.0225,0.00%
July 4 2008,August 11 2008,Duncan's Exposed,Laminaria digitata,0.25,0.35,0.38,0.19,475.84,0.0056,0.00%
July 4 2008,August 11 2008,Duncan's Exposed,Laminaria digitata,0.25,0.27,0.45,0.36,429.15,0.0065,0.00%
July 4 2008,August 11 2008,Duncan's Exposed,Laminaria digitata,0.42,0.85,0.38,0.32,840.05,0.0018,0.00%
July 4 2008,August 11 2008,Duncan's Exposed,Laminaria digitata,0.29,0.72,0.34,0.11,1334.79,0.006,0.00%
July 4 2008,August 11 2008,Duncan's Exposed,Saccharina latissima,0.58,0.12,0.58,0.06,105.47,0.0088,0.00%
July 4 2008,August 11 2008,Duncan's Exposed,Saccharina latissima,0.68,0.07,0.89,0.04,61.65,0.0009,0.00%
July 4 2008,August 11 2008,Duncan's Exposed,Saccharina latissima,0.55,0.07,0.53,0.03,89.2,0,0.00%
July 4 2008,August 11 2008,Duncan's Exposed,Saccharina latissima,0.74,0.15,0.63,0.07,157.5,0.0076,0.00%
July 4 2008,August 11 2008,Duncan's Exposed,Saccharina latissima,0.76,0.16,0.61,0.1,162.4,0.009,0.00%
July 4 2008,August 11 2008,Duncan's Exposed,Saccharina latissima,0.74,0.23,0.92,0.16,221.88,0.0006,0.00%
July 4 2008,August 11 2008,Duncan's Exposed,Saccharina latissima,1.03,0.18,1.18,0.12,147.53,0,0.00%
July 4 2008,August 11 2008,Duncan's Exposed,Saccharina latissima,0.58,0.18,0.71,0.11,255.96,0.0116,0.00%
July 4 2008,August 11 2008,Duncan's Exposed,Saccharina latissima,0.82,0.22,0.24,0.07,290.98,0.0005,0.00%
July 4 2008,August 11 2008,Duncan's Exposed,Saccharina latissima,0.5,0.2,1,0.11,315,0.0024,0.00%
July 4 2008,August 11 2008,Duncan's Exposed,Saccharina latissima,0.61,0.15,0.76,0.07,236.94,0,0.00%
July 4 2008,August 11 2008,Duncan's Exposed,Saccharina latissima,0.82,0.22,1.26,0.18,287.7,0.0076,0.00%
September 20 2008,October 14 2008,Duncan's Exposed,Laminaria digitata,0.09,0.02,0.1,0.02,116.21,0.001,0.00%
September 20 2008,October 14 2008,Duncan's Exposed,Laminaria digitata,0.12,0.04,0.19,0.05,70.43,0.003,0.00%
September 20 2008,October 14 2008,Duncan's Exposed,Laminaria digitata,0.26,0.16,0.1,0.04,184.92,0.0076,0.00%
September 20 2008,October 14 2008,Duncan's Exposed,Laminaria digitata,0.23,0.1,0.53,0.19,101.41,0.0072,0.00%
September 20 2008,October 14 2008,Duncan's Exposed,Laminaria digitata,0.19,0.06,0.1,0.03,109.14,0.0124,0.00%
September 20 2008,October 14 2008,Duncan's Exposed,Laminaria digitata,0.17,0.07,0.5,0.13,119.44,0.0026,0.00%
September 20 2008,October 14 2008,Duncan's Exposed,Laminaria digitata,0.17,0.15,0.21,0.22,434.67,0.0101,0.00%
September 20 2008,October 14 2008,Duncan's Exposed,Laminaria digitata,0.18,0.09,0.96,0.22,102.86,0.0086,0.00%
September 20 2008,October 14 2008,Duncan's Exposed,Laminaria digitata,0.26,0.06,0.54,0.08,121.74,0.0033,0.00%
September 20 2008,October 14 2008,Duncan's Exposed,Laminaria digitata,0.06,0.03,0.15,0.03,185.12,0.0057,0.00%
September 20 2008,October 14 2008,Duncan's Exposed,Laminaria digitata,0.1,0.06,0.26,0.12,214.54,0.0066,0.00%
September 20 2008,October 14 2008,Duncan's Exposed,Laminaria digitata,0.32,0.15,0.35,0.13,224.48,0.0023,0.00%
September 20 2008,October 14 2008,Duncan's Exposed,Laminaria digitata,0.22,0.07,0.45,0.09,141.67,0.0097,0.00%
September 20 2008,October 14 2008,Duncan's Exposed,Laminaria digitata,0.1,0.08,0.48,0.05,431.3,0.0033,0.00%
September 20 2008,October 14 2008,Duncan's Exposed,Laminaria digitata,0.21,0.28,0.72,0.35,573.22,0.0089,0.00%
September 20 2008,October 14 2008,Duncan's Exposed,Saccharina latissima,0.69,0.15,1.33,0.17,142.84,0.003,0.00%
September 20 2008,October 14 2008,Duncan's Exposed,Saccharina latissima,0.26,0.04,0.67,0.06,101.79,0.0048,0.00%
September 20 2008,October 14 2008,Duncan's Exposed,Saccharina latissima,0.26,0.06,0.51,0.07,187.07,0.0027,0.00%
September 20 2008,October 14 2008,Duncan's Exposed,Saccharina latissima,0.33,0.08,1.35,0.2,178.66,0,0.00%
September 20 2008,October 14 2008,Duncan's Exposed,Saccharina latissima,0.21,0.05,0.94,0.12,195.85,0,0.00%
September 20 2008,October 14 2008,Duncan's Exposed,Saccharina latissima,0.54,0.11,0.87,0.05,178.15,0.0081,0.00%
September 20 2008,October 14 2008,Duncan's Exposed,Saccharina latissima,0.31,0.06,0.77,0.07,193.67,0.0095,0.00%
September 20 2008,October 14 2008,Duncan's Exposed,Saccharina latissima,0.33,0.09,1.31,0.22,216.64,0.0041,0.00%
September 20 2008,October 14 2008,Duncan's Exposed,Saccharina latissima,0.54,0.12,1.62,0.19,228.12,0.0017,0.00%
September 20 2008,October 14 2008,Duncan's Exposed,Saccharina latissima,0.18,0.04,1.59,0.28,294.4,0.0061,0.00%
September 20 2008,October 14 2008,Duncan's Exposed,Saccharina latissima,0.36,0.15,0.38,0.06,441.88,NA,0.00%
September 20 2008,October 14 2008,Duncan's Exposed,Saccharina latissima,0.36,0.09,1.72,0.35,304.25,0.0052,0.00%
September 20 2008,October 14 2008,Duncan's Exposed,Saccharina latissima,0.41,0.12,1.64,0.37,334.51,0.0022,0.00%
May 20 2009,June 11 2009,Duncan's Exposed,Laminaria digitata,0.61,0.23,0.14,0.03,215.82,NA,0.00%
May 20 2009,June 11 2009,Duncan's Exposed,Laminaria digitata,0.31,0.1,0.32,0.05,186.46,0.0288,0.00%
May 20 2009,June 11 2009,Duncan's Exposed,Laminaria digitata,0.33,0.1,1.03,0.2,154.23,0.0023,0.00%
May 20 2009,June 11 2009,Duncan's Exposed,Laminaria digitata,0.11,0.09,0.69,0.22,410.82,0.0013,0.00%
May 20 2009,June 11 2009,Duncan's Exposed,Laminaria digitata,0.52,0.29,2.32,0.74,322.36,0.0023,0.00%
May 20 2009,June 11 2009,Duncan's Exposed,Laminaria digitata,0.44,0.37,0.47,0.26,599.92,0.0017,0.00%
May 20 2009,June 11 2009,Duncan's Exposed,Laminaria digitata,0.32,0.18,2.41,0.87,325.31,0.0076,0.00%
May 20 2009,June 11 2009,Duncan's Exposed,Laminaria digitata,0.52,0.24,1.1,0.2,280.68,0.0042,0.00%
May 20 2009,June 11 2009,Duncan's Exposed,Laminaria digitata,0.3,0.26,0.95,0.23,553.77,0.0038,0.00%
May 20 2009,June 11 2009,Duncan's Exposed,Laminaria digitata,0.38,0.19,0.65,0.19,405.47,0.0034,0.00%
May 20 2009,June 11 2009,Duncan's Exposed,Laminaria digitata,0.23,0.12,0.25,0.04,416.37,0.0014,0.00%
May 20 2009,June 11 2009,Duncan's Exposed,Laminaria digitata,0.37,0.17,0.36,0.11,410.63,0.0112,0.00%
May 20 2009,June 11 2009,Duncan's Exposed,Laminaria digitata,0.36,0.2,0.91,0.29,322.36,NA,0.00%
May 20 2009,June 11 2009,Duncan's Exposed,Laminaria digitata,0.51,0.46,NA,NA,829.12,0.0022,0.00%
May 20 2009,June 11 2009,Duncan's Exposed,Laminaria digitata,0.29,0.41,1.91,1.79,1243.61,0.0042,0.00%
May 20 2009,June 11 2009,Duncan's Exposed,Saccharina latissima,0.64,0.26,0.5,0.07,310.45,0.0021,0.00%
May 20 2009,June 11 2009,Duncan's Exposed,Saccharina latissima,1.09,0.23,0.77,0.09,240.32,0.003,0.00%
May 20 2009,June 11 2009,Duncan's Exposed,Saccharina latissima,1.09,0.31,NA,NA,449.08,0.0048,0.00%
May 20 2009,June 11 2009,Duncan's Exposed,Saccharina latissima,0.91,0.14,0.77,0.08,187.22,0,0.00%
May 20 2009,June 11 2009,Duncan's Exposed,Saccharina latissima,1.5,0.34,0.5,0.1,283.12,0.002,0.00%
May 20 2009,June 11 2009,Duncan's Exposed,Saccharina latissima,0.95,0.24,0.45,0.09,371.83,0.0076,0.00%
May 20 2009,June 11 2009,Duncan's Exposed,Saccharina latissima,0.95,0.31,0.23,0.04,384.72,0.0026,0.00%
May 20 2009,June 11 2009,Duncan's Exposed,Saccharina latissima,0.86,0.25,0.77,0.16,383.8,0.0146,0.00%
May 20 2009,June 11 2009,Duncan's Exposed,Saccharina latissima,1.59,0.35,0.45,0.06,338.54,0,0.00%
May 20 2009,June 11 2009,Duncan's Exposed,Saccharina latissima,0.95,0.26,0.45,0.07,442.51,0.0032,0.00%
May 20 2009,June 11 2009,Duncan's Exposed,Saccharina latissima,1.36,0.41,0.77,0.09,607.45,0.0022,0.00%
May 20 2009,June 11 2009,Duncan's Exposed,Saccharina latissima,1,0.33,0.14,0.02,673.15,0.0019,0.00%
September 22 2009,October 15 2009,Duncan's Exposed,Laminaria digitata,0.2,0.11,0.22,0.04,220.97,0.0047,0.00%
September 22 2009,October 15 2009,Duncan's Exposed,Laminaria digitata,0.3,0.1,0.28,0.07,121.88,0.0055,0.00%
September 22 2009,October 15 2009,Duncan's Exposed,Laminaria digitata,0.49,0.33,0,0,374.46,0.0047,0.34%
September 22 2009,October 15 2009,Duncan's Exposed,Laminaria digitata,0.27,0.09,0.17,0.03,160.46,0.001,2.34%
September 22 2009,October 15 2009,Duncan's Exposed,Laminaria digitata,0.32,0.15,0.7,0.29,213.94,0.0108,0.18%
September 22 2009,October 15 2009,Duncan's Exposed,Laminaria digitata,0.17,0.12,0.54,0.14,296.3,0.0037,1.91%
September 22 2009,October 15 2009,Duncan's Exposed,Laminaria digitata,0.16,0.11,0.08,0.02,450.12,0.0023,2.60%
September 22 2009,October 15 2009,Duncan's Exposed,Laminaria digitata,0.34,0.17,0.02,0.01,375.22,0.0041,0.00%
September 22 2009,October 15 2009,Duncan's Exposed,Laminaria digitata,0.19,0.06,2.8,0.54,523.78,0.0085,7.46%
September 22 2009,October 15 2009,Duncan's Exposed,Laminaria digitata,0.28,0.12,0.09,0.03,274.03,0.0039,1.91%
September 22 2009,October 15 2009,Duncan's Exposed,Laminaria digitata,0.3,0.19,0.72,0.4,356.83,0.0026,5.76%
September 22 2009,October 15 2009,Duncan's Exposed,Laminaria digitata,0.3,0.17,0.28,0.13,386.46,0.0013,11.28%
September 22 2009,October 15 2009,Duncan's Exposed,Laminaria digitata,0.29,0.2,0.01,0.01,420.3,0.0062,8.70%
September 22 2009,October 15 2009,Duncan's Exposed,Laminaria digitata,0.24,0.18,0.42,0.16,563.79,0.0043,17.82%
September 22 2009,October 15 2009,Duncan's Exposed,Laminaria digitata,0.22,0.23,0.85,0.19,590.62,0.0046,0.48%
September 22 2009,October 15 2009,Duncan's Exposed,Saccharina latissima,0.48,0.1,0.41,0.06,99.14,0.005,0.00%
September 22 2009,October 15 2009,Duncan's Exposed,Saccharina latissima,0.3,0.08,0.57,0.1,185.24,0,1.62%
September 22 2009,October 15 2009,Duncan's Exposed,Saccharina latissima,0.43,0.09,0.35,0.05,168.01,0.0017,0.00%
September 22 2009,October 15 2009,Duncan's Exposed,Saccharina latissima,0.2,0.08,1.67,0.22,178.36,0.0018,3.57%
September 22 2009,October 15 2009,Duncan's Exposed,Saccharina latissima,0.17,0.06,1.11,0.23,186.22,0.005,21.77%
September 22 2009,October 15 2009,Duncan's Exposed,Saccharina latissima,0.24,0.07,0.93,0.13,214.46,0.0013,7.06%
September 22 2009,October 15 2009,Duncan's Exposed,Saccharina latissima,0.35,0.1,0.96,0.2,302.46,0.0093,0.00%
September 22 2009,October 15 2009,Duncan's Exposed,Saccharina latissima,0.39,0.13,1.22,0.23,332.01,0.0051,0.00%
September 22 2009,October 15 2009,Duncan's Exposed,Saccharina latissima,0.26,0.08,0.83,0.27,178.36,0.0018,14.88%
September 22 2009,October 15 2009,Duncan's Exposed,Saccharina latissima,0.35,0.11,1.22,0.34,348.88,0.0191,4.19%
September 22 2009,October 15 2009,Duncan's Exposed,Saccharina latissima,0.35,0.1,2.09,0.37,185.24,0,0.48%
September 22 2009,October 15 2009,Duncan's Exposed,Saccharina latissima,0.22,0.09,2.39,0.56,347.81,NA,0.00%
September 22 2009,October 15 2009,Duncan's Exposed,Saccharina latissima,0.3,0.12,1.48,0.28,403.43,0.0037,0.00%
September 22 2009,October 15 2009,Duncan's Exposed,Saccharina latissima,0.22,0.06,2.5,0.38,278.01,0,1.80%
September 22 2009,October 15 2009,Duncan's Exposed,Saccharina latissima,0.3,0.12,3.04,0.84,420.78,NA,0.00%
September 22 2009,October 15 2009,Duncan's Exposed,Saccharina latissima,0.48,0.14,2,0.45,429.95,0,0.00%
June 19 2008,July 27 2008,Duncan's Protected,Saccharina latissima,0.32,0.04,0.24,0.02,49.2,0.0019,0.00%
June 19 2008,July 27 2008,Duncan's Protected,Saccharina latissima,0.47,0.06,0.26,0.02,51.9,0.0027,0.00%
June 19 2008,July 27 2008,Duncan's Protected,Saccharina latissima,0.58,0.08,0.11,0.01,90.53,0.0014,0.00%
June 19 2008,July 27 2008,Duncan's Protected,Saccharina latissima,0.47,0.06,0.32,0.03,63.18,0.0042,0.00%
June 19 2008,July 27 2008,Duncan's Protected,Saccharina latissima,0.61,0.09,0.34,0.03,94.07,0.0056,0.00%
June 19 2008,July 27 2008,Duncan's Protected,Saccharina latissima,0.61,0.13,0.26,0.04,131.65,0.0024,0.00%
June 19 2008,July 27 2008,Duncan's Protected,Saccharina latissima,0.79,0.13,0.29,0.04,0.63,0.0043,0.00%
June 19 2008,July 27 2008,Duncan's Protected,Saccharina latissima,0.84,0.16,0.24,0.04,144.7,0.0049,0.00%
June 19 2008,July 27 2008,Duncan's Protected,Saccharina latissima,0.89,0.14,0.39,0.06,131.06,0.0005,0.00%
June 19 2008,July 27 2008,Duncan's Protected,Saccharina latissima,0.53,0.17,0,0,286.4,0.0017,0.00%
June 19 2008,July 27 2008,Duncan's Protected,Saccharina latissima,0.42,0.07,0.5,0.06,95.99,0.0017,0.00%
June 19 2008,July 27 2008,Duncan's Protected,Saccharina latissima,0.45,0.07,0.5,0.07,109.85,0.0007,0.00%
June 19 2008,July 27 2008,Duncan's Protected,Saccharina latissima,0.68,0.17,0.18,0.04,240.72,0.0046,0.00%
June 19 2008,July 27 2008,Duncan's Protected,Saccharina latissima,1.01,0.24,0.57,0.14,242.53,0.0016,0.00%
June 19 2008,July 27 2008,Duncan's Protected,Saccharina latissima,1.08,0.22,0.42,0.06,213.17,0.0009,0.00%
June 19 2008,July 27 2008,Duncan's Protected,Saccharina latissima,1.16,0.22,0.87,0.17,200.6,0.0017,0.00%
June 19 2008,July 27 2008,Duncan's Protected,Saccharina latissima,0.74,0.17,0.45,0.1,277.92,0.0005,0.00%
June 19 2008,July 27 2008,Duncan's Protected,Saccharina latissima,1.32,0.32,0.53,0.12,316.74,0.0019,0.00%
June 19 2008,July 27 2008,Duncan's Protected,Saccharina latissima,1.18,0.25,0.76,0.1,268.21,0.0014,0.00%
September 4 2008,September 16 2008,Duncan's Protected,Laminaria digitata,0.2,0.02,0.03,0,47.48,0.0093,0.00%
September 4 2008,September 16 2008,Duncan's Protected,Laminaria digitata,0.08,0.01,0.12,0.02,58.09,0.0329,0.00%
September 4 2008,September 16 2008,Duncan's Protected,Laminaria digitata,0.21,0.06,0,0,82.04,0.0236,0.00%
September 4 2008,September 16 2008,Duncan's Protected,Laminaria digitata,0.21,0.03,0.06,0.01,77.97,0.0307,0.00%
September 4 2008,September 16 2008,Duncan's Protected,Laminaria digitata,0.26,0.07,0,0,92.3,0.0051,0.00%
September 4 2008,September 16 2008,Duncan's Protected,Laminaria digitata,0.03,0.01,0.06,0.02,73.29,0.0278,0.00%
September 4 2008,September 16 2008,Duncan's Protected,Laminaria digitata,0.26,0.07,0.24,0.07,92.82,0.0344,0.00%
September 4 2008,September 16 2008,Duncan's Protected,Laminaria digitata,0.14,0.03,0.09,0.02,112.91,0.0072,0.00%
September 4 2008,September 16 2008,Duncan's Protected,Laminaria digitata,0.09,0.02,0.76,0.14,51.95,0.0051,0.00%
September 4 2008,September 16 2008,Duncan's Protected,Laminaria digitata,0.3,0.07,0.09,0.02,185.57,0.0116,0.00%
September 4 2008,September 16 2008,Duncan's Protected,Laminaria digitata,0.17,0.04,0.02,0,179.55,0.0074,0.00%
September 4 2008,September 16 2008,Duncan's Protected,Laminaria digitata,0.27,0.09,0.12,0.04,117.77,0.0024,0.00%
September 4 2008,September 16 2008,Duncan's Protected,Laminaria digitata,0.18,0.06,0,0,137.73,0.009,0.00%
September 4 2008,September 16 2008,Duncan's Protected,Laminaria digitata,0.22,0.02,0.06,0.01,163.06,0.0104,0.00%
September 4 2008,September 16 2008,Duncan's Protected,Laminaria digitata,0.12,0.03,0.12,0.03,168.08,0.0089,0.00%
September 4 2008,September 16 2008,Duncan's Protected,Laminaria digitata,0.22,0.06,0.06,0.02,225.78,0.0199,0.00%
September 4 2008,September 16 2008,Duncan's Protected,Saccharina latissima,0.58,0.03,0.3,0.01,48.3,0.0045,0.00%
September 4 2008,September 16 2008,Duncan's Protected,Saccharina latissima,0.52,0.04,0.3,0.02,48.59,0.0031,0.00%
September 4 2008,September 16 2008,Duncan's Protected,Saccharina latissima,0.79,0.14,0.21,0.04,77.81,0.0018,0.00%
September 4 2008,September 16 2008,Duncan's Protected,Saccharina latissima,0.48,0.11,0.3,0.07,97.12,0.0008,0.00%
September 4 2008,September 16 2008,Duncan's Protected,Saccharina latissima,0.38,0.04,0.56,0.06,96.79,0.0037,0.00%
September 4 2008,September 16 2008,Duncan's Protected,Saccharina latissima,0.76,0.1,0.42,0.06,105.02,0,0.00%
September 4 2008,September 16 2008,Duncan's Protected,Saccharina latissima,0.36,0.06,0.91,0.14,104.29,0.0058,0.00%
September 4 2008,September 16 2008,Duncan's Protected,Saccharina latissima,0.45,0.08,0.55,0.09,135.22,0.0055,0.00%
September 4 2008,September 16 2008,Duncan's Protected,Saccharina latissima,0.7,0.1,0.48,0.07,197.24,0,0.00%
February 11 2009,March 6 2009,Duncan's Protected,Laminaria digitata,0.17,0.05,0.35,0.06,64.54,NA,0.00%
February 11 2009,March 6 2009,Duncan's Protected,Laminaria digitata,0.22,0.05,0,0,65.11,0.0013,0.00%
February 11 2009,March 6 2009,Duncan's Protected,Laminaria digitata,0.1,0.05,0.08,0.01,133.12,0.0097,0.00%
February 11 2009,March 6 2009,Duncan's Protected,Laminaria digitata,0.17,0.07,0.22,0.04,118.93,0.0027,0.00%
February 11 2009,March 6 2009,Duncan's Protected,Laminaria digitata,0.24,0.07,0.71,0.08,84.9,NA,0.00%
February 11 2009,March 6 2009,Duncan's Protected,Laminaria digitata,0.17,0.06,0.57,0.12,124.14,0.0059,0.00%
February 11 2009,March 6 2009,Duncan's Protected,Laminaria digitata,0.2,0.08,0.22,0.03,139.21,0.0112,0.00%
February 11 2009,March 6 2009,Duncan's Protected,Laminaria digitata,0.17,0.06,0.42,0.08,109.1,0.0009,0.00%
February 11 2009,March 6 2009,Duncan's Protected,Laminaria digitata,0.23,0.09,0.21,0.02,114.16,0.0023,0.00%
February 11 2009,March 6 2009,Duncan's Protected,Laminaria digitata,0.29,0.1,0.3,0.02,127.37,0.0122,0.00%
February 11 2009,March 6 2009,Duncan's Protected,Laminaria digitata,0.18,0.1,0.32,0.05,207.83,0.0036,0.00%
February 11 2009,March 6 2009,Duncan's Protected,Laminaria digitata,0.26,0.09,0.02,0,199.6,0.0016,0.00%
February 11 2009,March 6 2009,Duncan's Protected,Laminaria digitata,0.19,0.13,0.37,0.08,283.3,NA,0.00%
February 11 2009,March 6 2009,Duncan's Protected,Saccharina latissima,0.39,0.09,0,0,106.81,0.0024,0.00%
February 11 2009,March 6 2009,Duncan's Protected,Saccharina latissima,0.54,0.1,0,0,149.46,0.0006,0.00%
February 11 2009,March 6 2009,Duncan's Protected,Saccharina latissima,0.43,0.07,0.35,0.03,122.14,0,0.00%
February 11 2009,March 6 2009,Duncan's Protected,Saccharina latissima,0.54,0.08,0.15,0.01,108.88,0.0084,0.00%
February 11 2009,March 6 2009,Duncan's Protected,Saccharina latissima,0.7,0.12,0,0,147.22,NA,0.00%
February 11 2009,March 6 2009,Duncan's Protected,Saccharina latissima,0.52,0.08,0,0,142.89,NA,0.00%
February 11 2009,March 6 2009,Duncan's Protected,Saccharina latissima,0.43,0.09,0,0,216.34,0.0005,0.00%
February 11 2009,March 6 2009,Duncan's Protected,Saccharina latissima,0.72,0.12,0,0,159.92,0.0026,0.00%
February 11 2009,March 6 2009,Duncan's Protected,Saccharina latissima,0.7,0.1,0,0,165.88,0.0043,0.00%
May 9 2009,June 11 2009,Duncan's Protected,Laminaria digitata,0.3,0.08,0.18,0.03,137.43,NA,0.00%
May 9 2009,June 11 2009,Duncan's Protected,Laminaria digitata,0.09,0.01,2.09,0.21,38.89,0.0223,0.00%
May 9 2009,June 11 2009,Duncan's Protected,Laminaria digitata,0.16,0.06,0.72,0.08,131.93,0.0682,0.00%
May 9 2009,June 11 2009,Duncan's Protected,Laminaria digitata,0.17,0.11,0.09,0.04,247.05,0.0181,0.00%
May 9 2009,June 11 2009,Duncan's Protected,Laminaria digitata,0.28,0.14,0.39,0.11,202.65,0.0077,0.00%
May 9 2009,June 11 2009,Duncan's Protected,Laminaria digitata,0.13,0.03,0.46,0.05,100.22,0.009,0.00%
May 9 2009,June 11 2009,Duncan's Protected,Laminaria digitata,0.25,0.1,0.22,0.04,173.05,0.0252,0.00%
May 9 2009,June 11 2009,Duncan's Protected,Laminaria digitata,0.26,0.07,0.52,0.04,110.45,0.0427,0.00%
May 9 2009,June 11 2009,Duncan's Protected,Laminaria digitata,0.22,0.11,0.7,0.26,220.61,0.0426,0.00%
May 9 2009,June 11 2009,Duncan's Protected,Laminaria digitata,NA,NA,2.13,0.32,146.99,NA,0.00%
May 9 2009,June 11 2009,Duncan's Protected,Laminaria digitata,0.2,0.07,0.3,0.06,151.08,0.0191,0.00%
May 9 2009,June 11 2009,Duncan's Protected,Laminaria digitata,0.3,0.19,0.37,0.09,290.16,NA,0.00%
May 9 2009,June 11 2009,Duncan's Protected,Laminaria digitata,0.26,0.12,0.26,0.06,219.13,0.0257,0.00%
May 9 2009,June 11 2009,Duncan's Protected,Laminaria digitata,0.3,0.15,1,0.32,307.21,0.0451,0.00%
May 9 2009,June 11 2009,Duncan's Protected,Laminaria digitata,0.35,0.14,0.43,0.08,239.81,0.0097,0.00%
May 9 2009,June 11 2009,Duncan's Protected,Saccharina latissima,0.7,0.13,0.7,0.13,138.07,0.0047,0.00%
May 9 2009,June 11 2009,Duncan's Protected,Saccharina latissima,0.43,0.07,0.37,0.06,130.12,0.0158,0.00%
May 9 2009,June 11 2009,Duncan's Protected,Saccharina latissima,0.65,0.13,0.33,0.05,169.2,0.0052,0.00%
May 9 2009,June 11 2009,Duncan's Protected,Saccharina latissima,0.65,0.15,0.61,0.12,236.06,0.0058,0.00%
May 9 2009,June 11 2009,Duncan's Protected,Saccharina latissima,0.7,0.17,0.78,0.16,213.83,0.0151,0.00%
May 9 2009,June 11 2009,Duncan's Protected,Saccharina latissima,0.74,0.3,0.48,0.18,364.55,0.0042,0.00%
May 9 2009,June 11 2009,Duncan's Protected,Saccharina latissima,0.83,0.25,0.52,0.14,302.29,0.0069,0.00%
May 9 2009,June 11 2009,Duncan's Protected,Saccharina latissima,0.57,0.12,1.3,0.1,189.73,0.0052,0.00%
May 9 2009,June 11 2009,Duncan's Protected,Saccharina latissima,0.78,0.28,0.39,0.1,355.52,0.0061,0.00%
May 9 2009,June 11 2009,Duncan's Protected,Saccharina latissima,0.83,0.19,0.91,0.16,271.66,0.0048,0.00%
May 9 2009,June 11 2009,Duncan's Protected,Saccharina latissima,0.76,0.32,0.63,0.13,426.98,0.0081,0.00%
May 9 2009,June 11 2009,Duncan's Protected,Saccharina latissima,1.09,0.46,0.13,0.03,537.83,0.0039,0.00%
May 9 2009,June 11 2009,Duncan's Protected,Saccharina latissima,0.91,0.26,0.57,0.15,492.01,NA,0.00%
May 9 2009,June 11 2009,Duncan's Protected,Saccharina latissima,1.13,0.31,0.87,0.18,428.24,0.0016,0.00%
September 16 2009,October 9 2009,Duncan's Protected,Laminaria digitata,0.11,0.03,0.52,0.14,75.56,0.0458,0.00%
September 16 2009,October 9 2009,Duncan's Protected,Laminaria digitata,0.22,0.11,0.41,0.19,235.21,0.0389,0.51%
September 16 2009,October 9 2009,Duncan's Protected,Laminaria digitata,0.13,0.09,1.3,0.59,139.99,0.0298,0.00%
September 16 2009,October 9 2009,Duncan's Protected,Laminaria digitata,0.09,0.04,0.33,0.1,138.25,0.044,5.55%
September 16 2009,October 9 2009,Duncan's Protected,Laminaria digitata,0.2,0.13,1.38,0.41,245.79,0.0362,0.21%
September 16 2009,October 9 2009,Duncan's Protected,Laminaria digitata,0.11,0.05,0.96,0.36,65.39,0.0244,0.82%
September 16 2009,October 9 2009,Duncan's Protected,Laminaria digitata,0.09,0.02,0.59,0.12,72.02,0,0.00%
September 16 2009,October 9 2009,Duncan's Protected,Laminaria digitata,0.11,0.06,0.65,0.1,150.7,0.0697,0.00%
September 16 2009,October 9 2009,Duncan's Protected,Laminaria digitata,0.13,0.03,0.48,0.11,70.56,0.0099,0.00%
September 16 2009,October 9 2009,Duncan's Protected,Laminaria digitata,0.11,0.04,0.39,0.08,90.67,0.0192,0.00%
September 16 2009,October 9 2009,Duncan's Protected,Laminaria digitata,0.11,0.06,0.22,0.1,162.9,0.0375,0.00%
September 16 2009,October 9 2009,Duncan's Protected,Laminaria digitata,0.15,0.08,0.33,0.09,205.69,0.0458,0.31%
September 16 2009,October 9 2009,Duncan's Protected,Laminaria digitata,0.09,0.02,0.12,0.03,83.72,0.0315,0.00%
September 16 2009,October 9 2009,Duncan's Protected,Laminaria digitata,0.1,0.05,0.29,0.11,105.11,0.0196,0.82%
September 16 2009,October 9 2009,Duncan's Protected,Laminaria digitata,0.15,0.07,0.25,0.1,110.22,0.0363,0.00%
September 16 2009,October 9 2009,Duncan's Protected,Saccharina latissima,0.35,0.14,0.91,0.21,280.42,0.0025,0.00%
September 16 2009,October 9 2009,Duncan's Protected,Saccharina latissima,0.26,0.09,0.78,0.09,192.65,NA,
September 16 2009,October 9 2009,Duncan's Protected,Saccharina latissima,0.17,0.06,0.35,0.06,197.28,0.011,0.00%
September 16 2009,October 9 2009,Duncan's Protected,Saccharina latissima,0.3,0.13,0.74,0.16,286.59,0.0099,0.00%
September 16 2009,October 9 2009,Duncan's Protected,Saccharina latissima,0.39,0.16,0.48,0.12,340.82,0.0076,0.00%
September 16 2009,October 9 2009,Duncan's Protected,Saccharina latissima,0.3,0.13,0.7,0.16,175.62,0.0113,0.00%
September 16 2009,October 9 2009,Duncan's Protected,Saccharina latissima,0.33,0.14,1.24,0.23,400.47,0.0056,0.29%
September 16 2009,October 9 2009,Duncan's Protected,Saccharina latissima,0.35,0.13,1.09,0.2,304.12,0.0175,0.00%
September 16 2009,October 9 2009,Duncan's Protected,Saccharina latissima,0.26,0.1,0.7,0.12,205.71,0.0155,0.00%
September 16 2009,October 9 2009,Duncan's Protected,Saccharina latissima,0.24,0.11,0.67,0.2,237.07,0.0086,0.00%
September 16 2009,October 9 2009,Duncan's Protected,Saccharina latissima,0.3,0.09,0.43,0.06,222.36,0.0106,0.00%
September 16 2009,October 9 2009,Duncan's Protected,Saccharina latissima,0.26,0.09,0.87,0.06,175.58,0.0087,0.00%
September 16 2009,October 9 2009,Duncan's Protected,Saccharina latissima,0.35,0.09,0.91,0.16,235.69,0.0175,0.00%
September 16 2009,October 9 2009,Duncan's Protected,Saccharina latissima,0.35,0.14,0.57,0.14,228.47,0.0085,0.00%
September 16 2009,October 9 2009,Duncan's Protected,Saccharina latissima,0.35,0.17,0.57,0.14,211.73,0.0092,0.00%
September 16 2009,October 9 2009,Duncan's Protected,Saccharina latissima,0.2,0.07,0.37,0.06,158.2,0.0123,0.00%
July 1 2008,August 6 2008,Lodge,Laminaria digitata,0.12,0.09,0.86,0.34,96.25,0.019,0.00%
July 1 2008,August 6 2008,Lodge,Laminaria digitata,0.11,0.14,0.84,0.58,356.36,0.003,2.92%
July 1 2008,August 6 2008,Lodge,Laminaria digitata,0.16,0.17,0.62,0.42,226.86,0.01,0.00%
July 1 2008,August 6 2008,Lodge,Laminaria digitata,0.1,0.15,0.59,0.52,393.5,0.007,2.91%
July 1 2008,August 6 2008,Lodge,Laminaria digitata,0.12,0.13,0.54,0.34,279.75,0.007,2.72%
July 1 2008,August 6 2008,Lodge,Laminaria digitata,0.09,0.06,0.7,0.24,195.58,0.001,3.86%
July 1 2008,August 6 2008,Lodge,Laminaria digitata,0.08,0.23,0.61,0.75,645.63,0.008,0.00%
July 1 2008,August 6 2008,Lodge,Laminaria digitata,0.18,0.12,1.64,0.68,136.49,0.0307,0.00%
July 1 2008,August 6 2008,Lodge,Laminaria digitata,0.07,0.18,0.68,0.56,710.05,0.005,15.80%
July 1 2008,August 6 2008,Lodge,Laminaria digitata,0.13,0.24,0.62,0.43,617.47,0.018,1.00%
July 1 2008,August 6 2008,Lodge,Laminaria digitata,0.1,0.21,0.61,0.7,601.28,0.005,4.62%
July 1 2008,August 6 2008,Lodge,Laminaria digitata,0.36,1.01,0.8,0.78,1033.9,NA,0.63%
July 1 2008,August 6 2008,Lodge,Laminaria digitata,0.11,0.18,1.23,1.28,413.26,0.007,0.00%
July 1 2008,August 6 2008,Lodge,Laminaria digitata,0.02,0.04,0.95,0.99,575.56,0.0336,18.07%
July 1 2008,August 6 2008,Lodge,Saccharina latissima,0.16,0.03,0.46,0.03,43.7,0.007,0.00%
July 1 2008,August 6 2008,Lodge,Saccharina latissima,0.24,0.07,0.43,0.12,84.12,0.001,0.00%
July 1 2008,August 6 2008,Lodge,Saccharina latissima,0.11,0.08,0.27,0.15,223.51,0.005,6.37%
July 1 2008,August 6 2008,Lodge,Saccharina latissima,0.16,0.05,0.92,0.21,117.84,0.003,0.00%
July 1 2008,August 6 2008,Lodge,Saccharina latissima,0.19,0.11,0.84,0.32,216.37,0.005,16.16%
July 1 2008,August 6 2008,Lodge,Saccharina latissima,0.43,0.16,0.57,0.12,142.01,0.008,0.00%
July 1 2008,August 6 2008,Lodge,Saccharina latissima,NA,NA,3.92,1.25,35.99,NA,NA
July 1 2008,August 6 2008,Lodge,Saccharina latissima,0.41,0.3,0.59,0.27,376.49,0.015,7.07%
July 1 2008,August 6 2008,Lodge,Saccharina latissima,0.32,0.2,0.32,0.14,340.45,0.0042,0.00%
July 1 2008,August 6 2008,Lodge,Saccharina latissima,0.3,0.11,0.81,0.19,174.48,0.0076,2.54%
July 1 2008,August 6 2008,Lodge,Saccharina latissima,0.19,0.12,2.27,1.29,225.97,0.013,11.28%
July 1 2008,August 6 2008,Lodge,Saccharina latissima,0.27,0.14,0.92,0.18,282.06,0.0186,1.00%
July 1 2008,August 6 2008,Lodge,Saccharina latissima,0.27,0.13,0.76,0.18,342.25,0.0148,0.00%
July 1 2008,August 6 2008,Lodge,Saccharina latissima,0.41,0.15,1.11,0.17,212.27,0.0113,1.20%
September 16 2008,October 7 2008,Lodge,Laminaria digitata,0.05,0.02,0.1,0.04,47.63,0.001,100.00%
September 16 2008,October 7 2008,Lodge,Laminaria digitata,0.12,0.04,0.36,0.14,67,0.01,94.78%
September 16 2008,October 7 2008,Lodge,Laminaria digitata,0,0,0.62,0.12,77.74,0.01,82.20%
September 16 2008,October 7 2008,Lodge,Laminaria digitata,0.14,0.08,0.1,0.02,87.02,0.005,68.97%
September 16 2008,October 7 2008,Lodge,Laminaria digitata,0.23,0.1,0.08,0.02,103.4,0.026,61.09%
September 16 2008,October 7 2008,Lodge,Laminaria digitata,0.05,0.04,0.43,0.14,145.88,0.008,84.47%
September 16 2008,October 7 2008,Lodge,Laminaria digitata,0.02,0.03,0.86,0.45,199.96,0,94.71%
September 16 2008,October 7 2008,Lodge,Laminaria digitata,0.17,0.17,0.76,0.25,186.53,0.017,71.79%
September 16 2008,October 7 2008,Lodge,Laminaria digitata,0.14,0.13,0.86,0.63,271.08,0.015,61.75%
September 16 2008,October 7 2008,Lodge,Laminaria digitata,0.08,0.16,0.08,0.02,408.64,0.022,67.30%
September 16 2008,October 7 2008,Lodge,Laminaria digitata,0.05,0.04,0.38,0.21,186.47,0.013,84.12%
September 16 2008,October 7 2008,Lodge,Laminaria digitata,0.05,0.06,1.31,0.16,218.82,0.005,91.39%
September 16 2008,October 7 2008,Lodge,Laminaria digitata,0.02,0.01,2.09,0.28,178.84,0.036,68.76%
September 16 2008,October 7 2008,Lodge,Laminaria digitata,0,0,0.38,0.12,366.68,0.013,65.70%
September 16 2008,October 7 2008,Lodge,Saccharina latissima,0.9,0.14,0.1,0.02,82.65,0.009,28.40%
September 16 2008,October 7 2008,Lodge,Saccharina latissima,0.76,0.16,2.02,0.41,79.75,0.005,38.10%
September 16 2008,October 7 2008,Lodge,Saccharina latissima,0.43,0.06,0,0,89.99,0.006,15.70%
September 16 2008,October 7 2008,Lodge,Saccharina latissima,0.52,0.17,0.31,0.05,144.27,0.006,35.30%
September 16 2008,October 7 2008,Lodge,Saccharina latissima,0.52,0.1,0.57,0.13,113.77,0.007,11.40%
September 16 2008,October 7 2008,Lodge,Saccharina latissima,0.33,0.09,0.67,0.18,134.68,0.003,20.40%
September 16 2008,October 7 2008,Lodge,Saccharina latissima,0.71,0.12,0.67,0.12,98.59,0.017,4.10%
September 16 2008,October 7 2008,Lodge,Saccharina latissima,0.57,0.14,1.62,0.65,139.24,0.013,30.80%
September 16 2008,October 7 2008,Lodge,Saccharina latissima,0.52,0.08,0.24,0.03,113.4,0,32.70%
September 16 2008,October 7 2008,Lodge,Saccharina latissima,0,0,0.19,0.05,193.49,0.002,39.00%
September 16 2008,October 7 2008,Lodge,Saccharina latissima,0.6,0.09,2.83,0.43,57.45,0.021,9.20%
September 16 2008,October 7 2008,Lodge,Saccharina latissima,0.52,0.12,1.24,0.39,135,0.013,21.50%
September 16 2008,October 7 2008,Lodge,Saccharina latissima,0.43,0.2,0.98,0.17,188.09,0.004,42.00%
September 16 2008,October 7 2008,Lodge,Saccharina latissima,0.38,0.13,3.43,1.22,197.23,0.014,33.70%
September 16 2008,October 7 2008,Lodge,Saccharina latissima,0.52,0.09,0.52,0.06,89.62,0.024,1.40%
November 5 2008,November 25 2008,Lodge,Saccharina latissima,0.35,0.05,1.2,0.26,115.12,0.0064,55.64%
November 5 2008,November 25 2008,Lodge,Saccharina latissima,0.65,0.08,1.85,0.25,80.28,0.0154,32.05%
November 5 2008,November 25 2008,Lodge,Saccharina latissima,0.6,0.13,1.9,0.47,114.55,0.0075,45.37%
November 5 2008,November 25 2008,Lodge,Saccharina latissima,0.8,0.15,0.85,0.24,230.7,0.013,36.75%
November 5 2008,November 25 2008,Lodge,Saccharina latissima,0.9,0.06,0.8,0.06,42.27,0.0133,9.85%
November 5 2008,November 25 2008,Lodge,Saccharina latissima,0.75,0.12,0,0,149.59,0.009,26.17%
November 5 2008,November 25 2008,Lodge,Saccharina latissima,0.6,0.09,1.4,0.15,105.16,0.0088,45.00%
November 5 2008,November 25 2008,Lodge,Saccharina latissima,0,0,3.75,0.13,40.94,0,100.00%
November 5 2008,November 25 2008,Lodge,Saccharina latissima,0.65,0.14,1.5,0.46,202.23,0.0137,32.77%
November 5 2008,November 25 2008,Lodge,Saccharina latissima,0.65,0.12,1.35,0.51,221.56,0.0085,27.72%
November 5 2008,November 25 2008,Lodge,Saccharina latissima,0.5,0.09,4.9,0.91,48.82,0,72.00%
November 5 2008,November 25 2008,Lodge,Saccharina latissima,0.88,0.08,2.23,0.47,116.45,0.0017,12.22%
November 5 2008,November 25 2008,Lodge,Saccharina latissima,0.6,0.2,0.35,0.07,209.85,0,36.33%
November 5 2008,November 25 2008,Lodge,Saccharina latissima,0.88,0.12,0.53,0.11,130.87,0,18.27%
November 5 2008,November 25 2008,Lodge,Saccharina latissima,0.25,0.06,0.8,0.17,120.34,0,64.00%
November 5 2008,November 25 2008,Lodge,Laminaria digitata,0,0,0,0,249.76,0,96.03%
November 5 2008,November 25 2008,Lodge,Laminaria digitata,0,0,0.5,0.15,231.15,0.0033,85.32%
November 5 2008,November 25 2008,Lodge,Laminaria digitata,0,0,0.68,0.06,60.6,0.0164,100.00%
November 5 2008,November 25 2008,Lodge,Laminaria digitata,0.05,0.02,0.05,0.01,65.09,0.0091,86.64%
November 5 2008,November 25 2008,Lodge,Laminaria digitata,0,0,0.5,0.15,55.45,0.0056,100.00%
November 5 2008,November 25 2008,Lodge,Laminaria digitata,0.08,0.03,0.8,0.21,79.04,0.0088,90.48%
November 5 2008,November 25 2008,Lodge,Laminaria digitata,0.08,0.05,0.6,0.1,76.14,0,61.83%
November 5 2008,November 25 2008,Lodge,Laminaria digitata,0,0,0.7,0.07,8.27,0,100.00%
November 5 2008,November 25 2008,Lodge,Laminaria digitata,0.05,0.02,0.49,0.19,64.81,0,74.92%
November 5 2008,November 25 2008,Lodge,Laminaria digitata,0,0,0.5,0.35,163.57,0,89.57%
November 5 2008,November 25 2008,Lodge,Laminaria digitata,0,0,0,0,96.19,0.0211,100.00%
November 5 2008,November 25 2008,Lodge,Laminaria digitata,0.1,0.08,0.25,0.05,99.56,0,100.00%
November 5 2008,November 25 2008,Lodge,Laminaria digitata,0.03,0.01,0.1,0.02,75.79,0,100.00%
November 5 2008,November 25 2008,Lodge,Laminaria digitata,0.03,0.05,0.13,0.09,236.54,0,92.20%
May 14 2009,June 4 2009,Lodge,Laminaria digitata,0.24,0.03,0.71,0.1,16.24,0.004,0.00%
May 14 2009,June 4 2009,Lodge,Laminaria digitata,0.42,0.13,0.02,0,83.53,0.0026,0.00%
May 14 2009,June 4 2009,Lodge,Laminaria digitata,0.3,0.08,0,0,64.66,0.0062,0.00%
May 14 2009,June 4 2009,Lodge,Laminaria digitata,0.29,0.23,0.86,0.25,123.78,NA,0.00%
May 14 2009,June 4 2009,Lodge,Laminaria digitata,0.35,0.1,0.02,0,84.04,0.0057,0.00%
May 14 2009,June 4 2009,Lodge,Laminaria digitata,0.29,0.12,0.08,0.01,117.3,0.0145,0.00%
May 14 2009,June 4 2009,Lodge,Laminaria digitata,0.27,0.11,0.1,0.02,107.69,0,0.00%
May 14 2009,June 4 2009,Lodge,Laminaria digitata,0.54,0.12,0,0,83.79,0.0019,0.00%
May 14 2009,June 4 2009,Lodge,Laminaria digitata,0.6,0.26,0.01,0,166.65,0.0014,0.00%
May 14 2009,June 4 2009,Lodge,Laminaria digitata,0.29,0.12,0.24,0.03,175.62,0.0006,0.00%
May 14 2009,June 4 2009,Lodge,Laminaria digitata,0.48,0.35,0.05,0.01,431.84,0,0.00%
May 14 2009,June 4 2009,Lodge,Saccharina latissima,0.55,0.18,0.98,0.18,126.35,0.0075,0.00%
May 14 2009,June 4 2009,Lodge,Saccharina latissima,0.57,0.16,0.86,0.12,112.85,0.0071,0.00%
May 14 2009,June 4 2009,Lodge,Saccharina latissima,0.95,0.33,0.33,0.11,261.24,0.0053,0.00%
May 14 2009,June 4 2009,Lodge,Saccharina latissima,1.07,0.35,0.83,0.32,276.02,0.0051,0.00%
May 14 2009,June 4 2009,Lodge,Saccharina latissima,0.71,0.25,1.05,0.12,207.51,0.0121,0.00%
May 14 2009,June 4 2009,Lodge,Saccharina latissima,0.98,0.46,0.6,0.13,296.82,0.0068,0.00%
May 14 2009,June 4 2009,Lodge,Saccharina latissima,0.9,0.43,1.52,0.5,363.15,0.0068,0.00%
May 14 2009,June 4 2009,Lodge,Saccharina latissima,0.81,0.31,1.52,0.29,269.95,0.0086,0.00%
May 14 2009,June 4 2009,Lodge,Saccharina latissima,0.83,0.41,0.17,0.06,545.86,0.0084,0.00%
May 14 2009,June 4 2009,Lodge,Saccharina latissima,1.29,0.68,3.1,0.65,455.98,0.0024,0.00%
May 14 2009,June 4 2009,Lodge,Saccharina latissima,1.12,0.47,2.07,0.3,562.97,0.0024,0.00%
May 14 2009,June 4 2009,Lodge,Saccharina latissima,0.9,0.57,4.12,1.37,663.68,0.0127,0.00%
May 14 2009,June 4 2009,Lodge,Saccharina latissima,1.14,0.53,2.5,0.42,541.29,NA,0.00%
September 15 2009,October 7 2009,Lodge,Laminaria digitata,0.07,0.02,0.82,0.28,69.99,0.0254,65.01%
September 15 2009,October 7 2009,Lodge,Laminaria digitata,0.06,0.05,0.08,0.04,301.92,0.0049,53.84%
September 15 2009,October 7 2009,Lodge,Laminaria digitata,0.06,0.02,0.7,0.11,57.74,0.0073,59.46%
September 15 2009,October 7 2009,Lodge,Laminaria digitata,0.05,0.03,2.41,1.04,249.96,0.0052,27.64%
September 15 2009,October 7 2009,Lodge,Laminaria digitata,0,0,1.3,0.3,157.76,0.0179,82.35%
September 15 2009,October 7 2009,Lodge,Laminaria digitata,0.03,0.02,0.9,0.42,105.99,0.0441,74.33%
September 15 2009,October 7 2009,Lodge,Laminaria digitata,0.05,0.05,0.09,0.05,269.26,0.0047,73.58%
September 15 2009,October 7 2009,Lodge,Laminaria digitata,0.06,0.03,0.53,0.15,174.19,0.0142,34.56%
September 15 2009,October 7 2009,Lodge,Laminaria digitata,0,0,1,0.19,21.36,NA,NA
September 15 2009,October 7 2009,Lodge,Laminaria digitata,0.17,0.06,0.45,0.26,99.49,0.0178,33.54%
September 15 2009,October 7 2009,Lodge,Laminaria digitata,0.18,0.16,1.09,0.65,228.16,0.0082,24.08%
September 15 2009,October 7 2009,Lodge,Laminaria digitata,0.18,0.11,0.23,0.06,164.93,0.0102,61.90%
September 15 2009,October 7 2009,Lodge,Laminaria digitata,0.05,0.02,1.09,0.3,144.88,NA,NA
September 15 2009,October 7 2009,Lodge,Saccharina latissima,0.18,0.08,0.86,0.15,178.53,0.0035,62.74%
September 15 2009,October 7 2009,Lodge,Saccharina latissima,0.23,0.08,2.02,0.62,86.46,0.0048,52.25%
September 15 2009,October 7 2009,Lodge,Saccharina latissima,0.09,0.06,2.89,0.89,112.89,0.0245,41.82%
September 15 2009,October 7 2009,Lodge,Saccharina latissima,0.2,0.1,1.57,0.65,165.56,0.0096,39.52%
September 15 2009,October 7 2009,Lodge,Saccharina latissima,0.27,0.07,2,0.68,163.03,0.0182,23.95%
September 15 2009,October 7 2009,Lodge,Saccharina latissima,0.45,0.18,1.14,0.22,302.69,0.016,14.34%
September 15 2009,October 7 2009,Lodge,Saccharina latissima,0.59,0.22,0.5,0.11,403.52,0.0073,24.58%
September 15 2009,October 7 2009,Lodge,Saccharina latissima,0.32,0.11,0.77,0.1,210.35,0,34.28%
September 15 2009,October 7 2009,Lodge,Saccharina latissima,NA,NA,5.27,1.29,15.01,NA,NA
September 15 2009,October 7 2009,Lodge,Saccharina latissima,0.5,0.11,4.48,1.37,143.04,0.0234,34.56%
September 15 2009,October 7 2009,Lodge,Saccharina latissima,0.36,0.09,1.32,0.28,165.59,0.053,23.83%
September 15 2009,October 7 2009,Lodge,Saccharina latissima,0.09,0.03,2.09,0.53,150.8,0.0261,11.20%
September 15 2009,October 7 2009,Lodge,Saccharina latissima,0.41,0.11,NA,0,241.81,0.0035,25.99%
September 15 2009,October 7 2009,Lodge,Saccharina latissima,0.23,0.08,2.7,0.63,251.21,0.0617,40.85%
September 15 2009,October 7 2009,Lodge,Saccharina latissima,0.18,0.06,1.07,0.18,269.58,0.0441,37.07%
September 15 2009,October 7 2009,Lodge,Saccharina latissima,0.36,0.15,0.68,0.16,304.43,0.0029,9.02%
July 7 2008,August 7 2008,Splitnose,Laminaria digitata,0.19,0.09,0.39,0.06,202.15,0,0.00%
July 7 2008,August 7 2008,Splitnose,Laminaria digitata,0.43,0.14,0.26,0.03,222.39,0.0011,0.00%
July 7 2008,August 7 2008,Splitnose,Laminaria digitata,0.27,0.06,0,0,144,0,0.00%
July 7 2008,August 7 2008,Splitnose,Laminaria digitata,0.28,0.21,0.02,0.01,346.47,0,0.00%
July 7 2008,August 7 2008,Splitnose,Laminaria digitata,0.17,0.4,0.11,0.22,1236.2,0.0023,0.10%
July 7 2008,August 7 2008,Splitnose,Laminaria digitata,0.41,0.44,0.44,0.29,518.42,0,0.30%
July 7 2008,August 7 2008,Splitnose,Laminaria digitata,0.22,0.3,0.19,0.15,825.97,0,0.00%
July 7 2008,August 7 2008,Splitnose,Laminaria digitata,0.26,0.14,0.45,0.11,344.78,0,0.00%
July 7 2008,August 7 2008,Splitnose,Laminaria digitata,0.12,0.21,0.15,0.26,1006.44,0.0039,0.10%
July 7 2008,August 7 2008,Splitnose,Laminaria digitata,0.33,0.48,0.16,0.1,961.92,0,0.00%
July 7 2008,August 7 2008,Splitnose,Laminaria digitata,0.22,0.32,0.18,0.23,1012.79,0,100.00%
July 7 2008,August 7 2008,Splitnose,Laminaria digitata,0.18,0.38,0.21,0.41,1219.49,0.0015,0.10%
July 7 2008,August 7 2008,Splitnose,Laminaria digitata,0.22,0.27,0.61,0.47,796.06,0.0011,0.00%
July 7 2008,August 7 2008,Splitnose,Laminaria digitata,0.28,0.56,0.6,0.63,1107.5,0.0007,0.00%
July 7 2008,August 7 2008,Splitnose,Saccharina latissima,0.35,0.14,1.16,0.25,392.56,0,100.00%
July 7 2008,August 7 2008,Splitnose,Saccharina latissima,0.48,0.18,1.39,0.33,402.3,0,0.00%
July 7 2008,August 7 2008,Splitnose,Saccharina latissima,0.39,0.08,0.71,0.09,210.32,0,0.00%
July 7 2008,August 7 2008,Splitnose,Saccharina latissima,0.61,0.21,0.39,0.08,439.5,0,0.00%
July 7 2008,August 7 2008,Splitnose,Saccharina latissima,0.45,0.16,1.55,0.38,387.99,0,0.00%
July 7 2008,August 7 2008,Splitnose,Saccharina latissima,0.39,0.12,1.29,0.23,435.44,0,0.00%
July 7 2008,August 7 2008,Splitnose,Saccharina latissima,0.71,0.28,0.9,0.18,371.9,0.001,100.00%
July 7 2008,August 7 2008,Splitnose,Saccharina latissima,0.48,0.19,0.61,0.11,526.58,0,0.00%
July 7 2008,August 7 2008,Splitnose,Saccharina latissima,0.61,0.21,0.55,0.13,581.76,0,0.00%
July 7 2008,August 7 2008,Splitnose,Saccharina latissima,0.42,0.14,1.84,0.63,502.36,0,0.00%
July 7 2008,August 7 2008,Splitnose,Saccharina latissima,0.68,0.25,0.35,0.06,NA,0,0.00%
September 20 2008,October 14 2008,Spitnose,Laminaria digitata,0.31,0.09,0,0,154.56,0.0005,0.00%
September 20 2008,October 14 2008,Spitnose,Laminaria digitata,0.08,0.03,0.27,0.06,195.87,0.0047,8.20%
September 20 2008,October 14 2008,Spitnose,Laminaria digitata,0.19,0.04,0.35,0.04,154.67,0,1.78%
September 20 2008,October 14 2008,Spitnose,Laminaria digitata,0.21,0.1,0.18,0.04,301.78,0.0019,11.56%
September 20 2008,October 14 2008,Spitnose,Laminaria digitata,0.04,0.02,2.18,0.39,NA,NA,88.95%
September 20 2008,October 14 2008,Spitnose,Laminaria digitata,0.13,0.1,0,NA,585.49,0.0004,19.35%
September 20 2008,October 14 2008,Spitnose,Laminaria digitata,0,0,1.27,0.16,535.34,0.0068,59.00%
September 20 2008,October 14 2008,Spitnose,Laminaria digitata,0.21,0.12,1.03,0.19,454.68,0.0009,9.14%
September 20 2008,October 14 2008,Spitnose,Laminaria digitata,0.26,0.2,0.56,0.19,641.25,0.0017,20.55%
September 20 2008,October 14 2008,Spitnose,Laminaria digitata,0.1,0.06,1.18,0.26,502.13,0.0006,39.04%
September 20 2008,October 14 2008,Spitnose,Laminaria digitata,0.19,0.24,0.56,0.44,844.83,NA,30.35%
September 20 2008,October 14 2008,Spitnose,Laminaria digitata,0.1,0.14,0.31,0.18,964.06,0.0025,12.45%
September 20 2008,October 14 2008,Spitnose,Laminaria digitata,0.18,0.1,0.65,0.18,480.36,0.0036,37.36%
September 20 2008,October 14 2008,Spitnose,Laminaria digitata,0.15,0.21,0.71,0.4,1243.33,0.008,45.27%
September 20 2008,October 14 2008,Spitnose,Laminaria digitata,0.01,0.01,1.04,0.43,421.55,NA,87.55%
September 20 2008,October 14 2008,Spitnose,Laminaria digitata,0.22,0.25,0.99,0.37,1213.01,0.0034,25.22%
September 20 2008,October 14 2008,Spitnose,Saccharina latissima,0.71,0.09,0.33,0.02,70.32,0.0028,0.00%
September 20 2008,October 14 2008,Spitnose,Saccharina latissima,0.67,0.09,0,0,73.57,0.0013,0.00%
September 20 2008,October 14 2008,Spitnose,Saccharina latissima,0.71,0.1,0.21,0.03,104.84,0.001,13.09%
September 20 2008,October 14 2008,Spitnose,Saccharina latissima,0.58,0.07,0.17,0.01,103.97,0.0022,0.00%
September 20 2008,October 14 2008,Spitnose,Saccharina latissima,0.04,0.02,1.83,0.53,254.57,0.0072,15.84%
September 20 2008,October 14 2008,Spitnose,Saccharina latissima,0.4,0.05,0.31,0.02,134.78,0,0.00%
September 20 2008,October 14 2008,Spitnose,Saccharina latissima,0,0,0.25,0.08,314.13,0,26.22%
September 20 2008,October 14 2008,Spitnose,Saccharina latissima,0.25,0.06,1.38,0.37,242.1,0,3.58%
September 20 2008,October 14 2008,Spitnose,Saccharina latissima,0.75,0.14,0.42,0.13,189.07,0.0021,12.09%
September 20 2008,October 14 2008,Spitnose,Saccharina latissima,0.71,0.11,0.42,0.04,156.39,0.0028,0.00%
September 20 2008,October 14 2008,Spitnose,Saccharina latissima,0.19,0.05,0.81,0.2,357.31,0.0005,6.01%
September 20 2008,October 14 2008,Spitnose,Saccharina latissima,0.13,0.04,0.58,0.1,332.37,0,18.22%
September 20 2008,October 14 2008,Spitnose,Saccharina latissima,0.92,0.14,3.38,0.31,138.73,0.0064,6.18%
November 4 2008,November 21 2008,Spitnose,Laminaria digitata,0.08,0.06,1.55,0.8,465.45,0.0053,9.53%
November 4 2008,November 21 2008,Spitnose,Laminaria digitata,0.1,0.07,3.36,1.3,605.1,0.0095,40.07%
November 4 2008,November 21 2008,Spitnose,Laminaria digitata,0.22,0.13,1.42,0.8,413.52,0.0078,2.20%
November 4 2008,November 21 2008,Spitnose,Laminaria digitata,0.06,0.04,1.71,0.95,463.59,0,94.49%
November 4 2008,November 21 2008,Spitnose,Laminaria digitata,0.37,0.11,0,0,177.03,0,2.71%
November 4 2008,November 21 2008,Spitnose,Laminaria digitata,0.24,0.27,1.06,0.43,635.1,0.016,24.61%
November 4 2008,November 21 2008,Spitnose,Laminaria digitata,0.35,0.15,0.06,0.01,386.45,0.005,11.43%
November 4 2008,November 21 2008,Spitnose,Laminaria digitata,0.13,0.11,0.66,0.22,452.68,0,100.23%
November 4 2008,November 21 2008,Spitnose,Laminaria digitata,0.33,0.1,1.33,0.1,221.09,0.0173,10.30%
November 4 2008,November 21 2008,Spitnose,Laminaria digitata,0.08,0.12,1.02,0.31,881.81,0,99.46%
November 4 2008,November 21 2008,Spitnose,Laminaria digitata,0.02,0.03,0.87,0.3,679.24,0,100.00%
November 4 2008,November 21 2008,Spitnose,Laminaria digitata,0.14,0.07,1.84,0.44,272.72,0,30.33%
November 4 2008,November 21 2008,Spitnose,Laminaria digitata,0.25,0.21,0.08,0.04,680.99,0,45.75%
November 4 2008,November 21 2008,Spitnose,Laminaria digitata,0.36,0.13,0.42,0.11,241.24,0.0136,0.00%
November 4 2008,November 21 2008,Spitnose,Laminaria digitata,0.22,0.15,0,0,269.47,0,47.39%
November 4 2008,November 21 2008,Spitnose,Saccharina latissima,0.88,0.11,0.44,0.03,193.09,0,0.00%
November 4 2008,November 21 2008,Spitnose,Saccharina latissima,0.41,0.08,2.71,0.37,309.7,0,0.00%
November 4 2008,November 21 2008,Spitnose,Saccharina latissima,0.35,0.06,0.71,0.12,192.05,0,2.87%
November 4 2008,November 21 2008,Spitnose,Saccharina latissima,0.59,0.06,1.18,0.15,123.44,0,3.23%
November 4 2008,November 21 2008,Spitnose,Saccharina latissima,0.18,0.06,0,0,162.18,0,28.73%
November 4 2008,November 21 2008,Spitnose,Saccharina latissima,0.35,0.19,0,0,235.19,0,1.73%
November 4 2008,November 21 2008,Spitnose,Saccharina latissima,0.35,0.05,0.18,0.03,194.16,0,5.86%
November 4 2008,November 21 2008,Spitnose,Saccharina latissima,0.41,0.06,0.21,0.02,138.58,0.0028,27.81%
November 4 2008,November 21 2008,Spitnose,Saccharina latissima,0.29,0.08,0.94,0.12,254.42,0,0.00%
November 4 2008,November 21 2008,Spitnose,Saccharina latissima,0.65,0.05,1.65,0.08,309.7,0,0.00%
November 4 2008,November 21 2008,Spitnose,Saccharina latissima,0.53,0.06,1.62,0.13,153.44,0.0034,0.00%
November 4 2008,November 21 2008,Spitnose,Saccharina latissima,0.59,0.05,0.76,0.05,137.56,0,0.00%
February 16 2009,March 11 2009,Splitnose,Laminaria digitata,0.35,0.11,2.4,0.35,192.63,0,0.00%
February 16 2009,March 11 2009,Splitnose,Laminaria digitata,0.53,0.21,0.89,0.18,259.82,0,0.00%
February 16 2009,March 11 2009,Splitnose,Laminaria digitata,0.3,0.18,1.08,0.35,516.98,0,2.34%
February 16 2009,March 11 2009,Splitnose,Laminaria digitata,0.36,0.15,1.71,0.39,298.27,0,0.79%
February 16 2009,March 11 2009,Splitnose,Laminaria digitata,0.37,0.15,0.04,0.01,397.51,0,13.00%
February 16 2009,March 11 2009,Splitnose,Laminaria digitata,0.1,0.05,0,0,358.62,0.002,6.65%
February 16 2009,March 11 2009,Splitnose,Laminaria digitata,0.57,0.3,0.55,0.13,448.75,0,3.40%
February 16 2009,March 11 2009,Splitnose,Laminaria digitata,0.3,0.16,0,0,402.53,0,3.14%
February 16 2009,March 11 2009,Splitnose,Laminaria digitata,0.32,0.11,1.28,0.24,349.17,0,0.00%
February 16 2009,March 11 2009,Splitnose,Laminaria digitata,0.4,0.35,0.03,0.02,1030.75,0,15.30%
February 16 2009,March 11 2009,Splitnose,Laminaria digitata,0.47,0.2,0.85,0.12,288.32,0,0.00%
February 16 2009,March 11 2009,Splitnose,Laminaria digitata,0.3,0.16,1.05,0.18,357.08,0,0.00%
February 16 2009,March 11 2009,Splitnose,Laminaria digitata,0.36,0.21,0.79,0.32,577.95,0,1.05%
February 16 2009,March 11 2009,Splitnose,Laminaria digitata,0.48,0.33,1.2,0.44,588.79,NA,NA
February 16 2009,March 11 2009,Splitnose,Laminaria digitata,0.29,0.21,2.15,0.5,535.01,0,0.00%
February 16 2009,March 11 2009,Splitnose,Laminaria digitata,0.54,0.43,1.08,0.77,907.39,0,8.89%
February 16 2009,March 11 2009,Splitnose,Laminaria digitata,0.42,0.25,0.75,0.5,707.38,0.0019,25.95%
February 16 2009,March 11 2009,Splitnose,Saccharina latissima,0.4,0.02,2.65,0.15,21.67,NA,NA
February 16 2009,March 11 2009,Splitnose,Saccharina latissima,0.2,0.01,2,0.1,46.21,0,0.00%
February 16 2009,March 11 2009,Splitnose,Saccharina latissima,0.2,0.01,0,0,87.57,0,0.00%
February 16 2009,March 11 2009,Splitnose,Saccharina latissima,0.45,0.04,1.35,0.06,108.47,0,0.00%
February 16 2009,March 11 2009,Splitnose,Saccharina latissima,NA,NA,5.85,0.33,50.02,NA,NA
February 16 2009,March 11 2009,Splitnose,Saccharina latissima,0.3,0.03,3.08,0.13,139.63,0,0.00%
May 27 2009,June 19 2009,Splitnose,Laminaria digitata,0.64,0.17,0,0,138.58,0.0042,0.00%
May 27 2009,June 19 2009,Splitnose,Laminaria digitata,0.3,0.1,NA,NA,222.85,0,0.00%
May 27 2009,June 19 2009,Splitnose,Laminaria digitata,0.57,0.29,0.03,0.01,325.08,0,0.00%
May 27 2009,June 19 2009,Splitnose,Laminaria digitata,0.58,0.5,0.3,0.1,650.49,0.0021,0.00%
May 27 2009,June 19 2009,Splitnose,Laminaria digitata,0.41,0.21,0.04,0.01,362.33,0.0003,0.00%
May 27 2009,June 19 2009,Splitnose,Laminaria digitata,0.57,0.53,0.59,0.19,871.06,0,0.00%
May 27 2009,June 19 2009,Splitnose,Laminaria digitata,0.61,0.45,0.28,0.08,690.21,0,0.00%
May 27 2009,June 19 2009,Splitnose,Laminaria digitata,0.42,0.18,1.7,0.22,325.79,0,0.00%
May 27 2009,June 19 2009,Splitnose,Laminaria digitata,0.48,0.36,0,0,529.99,0,0.00%
May 27 2009,June 19 2009,Splitnose,Laminaria digitata,0.57,0.5,1.2,0.42,741.72,0.001,0.00%
May 27 2009,June 19 2009,Splitnose,Laminaria digitata,0.46,0.41,0.15,0.05,918.23,0,0.00%
May 27 2009,June 19 2009,Splitnose,Laminaria digitata,0.42,0.26,0.7,0.17,385.4,0,0.00%
May 27 2009,June 19 2009,Splitnose,Laminaria digitata,0.33,0.39,0.13,0.06,1263.65,0,0.00%
May 27 2009,June 19 2009,Splitnose,Laminaria digitata,0.45,0.36,NA,NA,903.96,0,0.00%
May 27 2009,June 19 2009,Splitnose,Laminaria digitata,0.46,0.44,0.96,0.24,980.8,0.0084,0.00%
May 27 2009,June 19 2009,Splitnose,Laminaria digitata,0.51,0.8,0.85,0.65,2201.23,0.0016,0.00%
May 27 2009,June 19 2009,Splitnose,Laminaria digitata,0.54,0.64,0.65,0.48,1716.37,0.0141,0.00%
May 27 2009,June 19 2009,Splitnose,Saccharina latissima,1.13,0.59,0,0,547.21,0,0.00%
May 27 2009,June 19 2009,Splitnose,Saccharina latissima,1.3,0.31,NA,NA,391.99,0,0.00%
May 27 2009,June 19 2009,Splitnose,Saccharina latissima,0.96,0.28,0.09,0.01,487.79,0,0.00%
May 27 2009,June 19 2009,Splitnose,Saccharina latissima,0.24,0.03,0.59,0.03,297.82,0,0.00%
May 27 2009,June 19 2009,Splitnose,Saccharina latissima,1.15,0.49,1.2,0.19,646.64,0.0009,0.00%
May 27 2009,June 19 2009,Splitnose,Saccharina latissima,0.59,0.14,0.72,0.06,451.99,0,0.00%
May 27 2009,June 19 2009,Splitnose,Saccharina latissima,0.33,0.04,1.28,0.1,326.04,0,0.00%
May 27 2009,June 19 2009,Splitnose,Saccharina latissima,1.33,0.32,1.37,0.13,386.84,0,0.00%
May 27 2009,June 19 2009,Splitnose,Saccharina latissima,0.83,0.14,0.74,0.06,359.83,0,0.00%
May 27 2009,June 19 2009,Splitnose,Saccharina latissima,1.39,0.33,0,0,496.95,0,0.00%
May 27 2009,June 19 2009,Splitnose,Saccharina latissima,0.91,0.17,0.48,0.04,370.97,0,0.00%
May 27 2009,June 19 2009,Splitnose,Saccharina latissima,1.15,0.45,0.54,0.07,664.24,0,0.00%
May 27 2009,June 19 2009,Splitnose,Saccharina latissima,1.52,0.36,0.87,0.06,475.59,0,0.00%
May 27 2009,June 19 2009,Splitnose,Saccharina latissima,1.39,0.42,1.04,0.11,529.47,0,0.00%
May 27 2009,June 19 2009,Splitnose,Saccharina latissima,1.3,0.36,0,0,685.62,0.0011,0.00%
May 27 2009,June 19 2009,Splitnose,Saccharina latissima,1.3,0.37,0.57,0.04,642.32,0.0013,0.00%
September 22 2009,October 15 2009,Splitnose,Laminaria digitata,0.15,0.16,0.18,0.13,718.29,0.0021,10.88%
September 22 2009,October 15 2009,Splitnose,Laminaria digitata,0.15,0.14,0.62,0.76,723.36,0.0012,16.91%
September 22 2009,October 15 2009,Splitnose,Laminaria digitata,0.09,0.07,0.92,0.2,425.07,0,2.15%
September 22 2009,October 15 2009,Splitnose,Laminaria digitata,0.15,0.18,1.04,1.04,946.52,0.0057,10.45%
September 22 2009,October 15 2009,Splitnose,Laminaria digitata,0.13,0.11,0.51,0.3,802.59,0.0018,1.82%
September 22 2009,October 15 2009,Splitnose,Laminaria digitata,0.15,0.12,0.39,0.19,573.16,0.0113,0.58%
September 22 2009,October 15 2009,Splitnose,Laminaria digitata,0.15,0.2,0.76,0.46,1033.74,0,6.65%
September 22 2009,October 15 2009,Splitnose,Laminaria digitata,0.11,0.06,0.18,0.1,851.38,0,5.93%
September 22 2009,October 15 2009,Splitnose,Laminaria digitata,0.05,0.05,0.83,0.14,594.23,0,26.16%
September 22 2009,October 15 2009,Splitnose,Laminaria digitata,0.15,0.21,1.45,0.82,749.57,0.001,21.19%
September 22 2009,October 15 2009,Splitnose,Laminaria digitata,0.14,0.17,0.68,0.29,997.92,0.0008,18.04%
September 22 2009,October 15 2009,Splitnose,Laminaria digitata,0.15,0.21,1.66,1.64,1291.09,0.0005,8.63%
September 22 2009,October 15 2009,Splitnose,Laminaria digitata,0.22,0.2,1.78,0.88,719.77,0,14.09%
September 22 2009,October 15 2009,Splitnose,Laminaria digitata,0.12,0.09,0.38,0.06,NA,0,22.67%
September 22 2009,October 15 2009,Splitnose,Laminaria digitata,0.14,0.23,0.99,0.84,1069.9,0.0034,14.03%
September 22 2009,October 15 2009,Splitnose,Laminaria digitata,0.25,0.2,1.44,0.64,884.4,0,1.75%
September 22 2009,October 15 2009,Splitnose,Laminaria digitata,0.11,0.17,0.4,0.29,1034.26,0.0028,6.43%
September 22 2009,October 15 2009,Splitnose,Saccharina latissima,0.2,0.06,0.72,0.21,348.69,0.0252,0.00%
September 22 2009,October 15 2009,Splitnose,Saccharina latissima,0.26,0.06,1.22,0.17,219.41,0,0.00%
September 22 2009,October 15 2009,Splitnose,Saccharina latissima,0.61,0.13,0.09,0.01,311.39,0,0.00%
September 22 2009,October 15 2009,Splitnose,Saccharina latissima,0.22,0.04,1.98,0.29,276.5,0,0.00%
September 22 2009,October 15 2009,Splitnose,Saccharina latissima,0.48,0.09,0.87,0.13,275.47,0,0.00%
September 22 2009,October 15 2009,Splitnose,Saccharina latissima,0.2,0.05,4.59,0.64,349.83,0,0.00%
September 22 2009,October 15 2009,Splitnose,Saccharina latissima,0.39,0.09,1.83,0.26,264.55,0,0.00%
September 22 2009,October 15 2009,Splitnose,Saccharina latissima,0.13,0.02,2.04,0.18,223.56,0,0.00%
September 22 2009,October 15 2009,Splitnose,Saccharina latissima,0.35,0.09,0.91,0.15,424.46,0,0.00%
September 22 2009,October 15 2009,Splitnose,Saccharina latissima,0.26,0.08,1.91,0.44,463.42,0,10.68%
September 22 2009,October 15 2009,Splitnose,Saccharina latissima,0.3,0.07,2,0.28,363.5,0,0.00%
September 22 2009,October 15 2009,Splitnose,Saccharina latissima,0.35,0.07,4.13,0.42,260.21,0,0.00%
September 22 2009,October 15 2009,Splitnose,Saccharina latissima,0.22,0.04,2.13,0.33,374.75,0,0.00%
